{"cameraMode":{"drawMode":0,"name":"Shaded","section":"Shading Mode"},"sceneLighting":false,"audioPlay":false,"sceneViewState":{"showFog":true,"showMaterialUpdate":true,"showSkybox":false,"showFlares":true,"showImageEffects":true,"showParticleSystems":true},"in2DMode":false,"pivot":{"x":0.03999730944633484,"y":0.9023236036300659,"z":0.2830398678779602},"rotation":{"x":-0.007075326982885599,"y":0.9829631447792053,"z":-0.03865910321474075,"w":-0.17976613342761994},"size":1.2792173624038697,"orthographic":false}