{"cameraMode":{"drawMode":0,"name":"Shaded","section":"Shading Mode"},"sceneLighting":true,"audioPlay":false,"sceneViewState":{"showFog":true,"showMaterialUpdate":true,"showSkybox":true,"showFlares":true,"showImageEffects":true,"showParticleSystems":true},"in2DMode":false,"pivot":{"x":-0.12576651573181153,"y":1.6044185161590577,"z":0.6580175161361694},"rotation":{"x":-0.05004291608929634,"y":0.6541361808776856,"z":-0.04343481734395027,"w":-0.7535188794136047},"size":1.6250391006469727,"orthographic":false}