{"cameraMode":{"drawMode":0,"name":"Shaded","section":"Shading Mode"},"sceneLighting":true,"audioPlay":false,"sceneViewState":{"showFog":true,"showMaterialUpdate":true,"showSkybox":true,"showFlares":true,"showImageEffects":true,"showParticleSystems":true},"in2DMode":false,"pivot":{"x":12.606596946716309,"y":-13.074808120727539,"z":-131.87298583984376},"rotation":{"x":-0.0029751211404800417,"y":0.9970533847808838,"z":-0.05720336735248566,"w":-0.05177644267678261},"size":74.03387451171875,"orthographic":false}