{"cameraMode":{"drawMode":0,"name":"Shaded","section":"Shading Mode"},"sceneLighting":true,"audioPlay":false,"sceneViewState":{"showFog":true,"showMaterialUpdate":true,"showSkybox":true,"showFlares":true,"showImageEffects":true,"showParticleSystems":true},"in2DMode":false,"pivot":{"x":-36.57332992553711,"y":-7.715153694152832,"z":-122.31134796142578},"rotation":{"x":-0.007075326982885599,"y":0.9829631447792053,"z":-0.03865910321474075,"w":-0.17976613342761994},"size":68.76387786865235,"orthographic":false}